Manufacturer,Last Serviced,Next Service
Libero Nec Ligula Consulting,2015-11-07,2022-09-28
Bibendum Fermentum Incorporated,2017-07-24,2023-05-02
Consectetuer Ipsum PC,2003-07-24,2022-11-13
Velit Sed Malesuada Ltd,2004-11-17,2020-10-04
Aenean Euismod Mauris Consulting,2010-08-15,2022-12-28
Nisl Arcu Iaculis Company,2007-10-15,2021-03-14
Curabitur Dictum Phasellus Consulting,2009-01-12,2020-07-03
Pede Corp.,2011-09-07,2022-07-02
Eget Magna Suspendisse LLC,2005-01-24,2023-12-26
Vel Company,2008-10-27,2021-08-10
Neque Industries,2010-11-17,2026-01-22
Fusce Aliquet Incorporated,2016-01-21,2024-03-06
Augue Id Ante Incorporated,2008-09-08,2025-03-22
Lobortis Nisi Corporation,2001-07-18,2021-08-24
Neque Sed Ltd,2006-12-28,2024-10-23
Hendrerit Id PC,2004-01-15,2022-02-11
Sed Est LLC,2014-07-20,2023-07-13
At Libero Morbi Incorporated,2010-05-18,2022-10-09
Fringilla Foundation,2011-08-17,2024-06-03
Eu Nibh Industries,2010-11-18,2023-12-15
Dignissim Tempor Arcu Ltd,2004-04-09,2023-08-14
Arcu Corp.,2009-01-08,2021-12-20
Viverra Maecenas Industries,2014-07-24,2022-05-17
Malesuada Id Erat Ltd,2010-08-05,2021-07-02
In Molestie Consulting,2000-09-03,2024-07-12
Auctor Company,2004-11-22,2025-12-25
Sit Amet Institute,2015-02-20,2021-03-08
Ornare Elit Incorporated,2001-05-01,2022-08-22
Nam Company,2005-10-10,2025-06-30
Cursus Et Ltd,2010-05-30,2025-06-29
Hendrerit Donec PC,2013-09-23,2021-11-03
Tortor Nunc Commodo PC,2002-01-17,2022-01-27
Fermentum Risus At Consulting,2012-01-11,2023-11-26
Felis Inc.,2013-10-21,2024-02-01
Fusce Feugiat Lorem LLP,2006-03-13,2022-07-13
Et Risus Quisque Inc.,2002-08-29,2024-10-26
Natoque Penatibus Et LLP,2014-02-01,2024-01-22
Lectus Convallis Est Institute,2014-05-03,2025-12-05
Non Enim Inc.,2008-12-28,2021-10-22
Mauris Associates,2018-02-19,2021-11-26
Sed Congue Elit LLC,2018-07-25,2022-08-15
Amet Massa Quisque Corporation,2010-03-29,2022-02-11
Lacinia Mattis LLP,2013-10-01,2023-08-22
Eget Ipsum Consulting,2006-08-02,2023-03-25
Proin Company,2016-02-14,2022-06-19
Odio Industries,2016-10-29,2021-07-19
Proin Limited,2004-07-28,2020-08-23
Vel Sapien Imperdiet Ltd,2012-09-03,2021-05-11
Mollis Dui In LLP,2014-08-22,2023-05-02
Eu PC,2000-07-05,2023-12-10
Ac Limited,2017-07-12,2020-05-31
Elit Sed Corp.,2014-01-14,2020-10-05
Fusce LLP,2003-02-23,2022-12-01
Risus Ltd,2006-11-30,2025-09-19
Nunc Quisque Institute,2007-11-20,2022-06-09
Arcu Company,2019-03-05,2021-02-26
Dui In Sodales Corporation,2010-07-01,2024-08-07
Conubia Nostra Company,2014-07-21,2025-02-17
Ipsum Primis In Associates,2006-01-17,2021-06-08
Proin Dolor Nulla Institute,2017-02-02,2021-10-08
Sapien Aenean Associates,2012-08-17,2023-10-27
Morbi Sit Amet Limited,2000-05-13,2023-02-09
Maecenas LLC,2004-03-25,2024-03-06
Euismod Inc.,2005-02-05,2024-01-08
Tincidunt Corp.,2013-09-05,2023-06-21
Ut Cursus Luctus LLC,2003-02-08,2020-07-29
Gravida Sit Amet Associates,2007-12-28,2026-01-05
Quis Tristique Limited,2013-10-30,2023-10-28
Magnis LLC,2001-05-03,2023-03-07
Magnis LLC,2017-06-16,2024-10-07
Condimentum Eget Volutpat PC,2000-12-24,2021-12-22
Maecenas Mi Felis LLP,2005-07-17,2023-03-02
In Mi LLC,2000-07-19,2021-06-25
In Institute,2011-07-16,2021-03-28
In Condimentum Donec Incorporated,2018-03-12,2024-03-21
Volutpat Nulla Facilisis Foundation,2018-12-01,2022-02-08
Sed Malesuada Limited,2017-01-21,2023-01-17
Arcu Et Pede Associates,2016-03-19,2025-10-15
Augue Ac Ltd,2009-06-09,2022-07-06
Dictum Eleifend Nunc Company,2006-12-31,2024-02-15
Vestibulum Institute,2017-12-16,2024-01-15
Enim Gravida Incorporated,2010-09-22,2023-09-17
Vivamus Nibh Dolor Inc.,2013-04-20,2020-05-12
Ut Company,2017-08-18,2022-12-15
Orci Adipiscing Limited,2008-03-06,2022-03-27
Quis Tristique Ac Corp.,2004-10-25,2022-04-11
Enim Etiam Corporation,2009-11-07,2024-07-27
Lectus Ante Dictum LLP,2016-12-24,2023-01-24
Nec Quam Curabitur Corp.,2014-09-20,2021-01-10
Volutpat Incorporated,2008-11-22,2020-07-02
Dui In Sodales Incorporated,2017-05-10,2020-06-08
Quis Accumsan Convallis Foundation,2003-10-25,2026-01-05
Molestie PC,2000-12-06,2022-06-13
Tortor Integer Incorporated,2018-06-08,2023-10-12
Dolor Quam Ltd,2005-08-29,2020-04-11
Non Lacinia At Corporation,2017-02-01,2023-08-10
Tincidunt Dui Consulting,2003-08-21,2025-02-10
Ut Tincidunt Vehicula Corporation,2001-10-02,2024-09-19
Fermentum Arcu Corporation,2006-06-17,2021-05-02
Arcu Sed Corp.,2018-07-11,2026-03-23