First Name,Last Name,Postcode,House Name or Num,Account Number,SortCode,Membership Cost
Abdul,Carlson,26727,Ap #875-1478 Sed Street,84588243,66828,$706.57
Hiram,Gillespie,17368,514 Enim Road,71167054,24787,$112.40
Jacob,Cobb,7767,Ap #187-6100 Pellentesque Road,69358540,20265,$345.29
Tara,Santiago,11900,390-2899 Mauris St.,27271992,89020,$122.36
Hashim,Sharp,4609,Ap #676-4931 Congue Ave,10811324,61083,$134.50
Rhoda,Holden,063108,Ap #708-6097 Nullam Rd.,87049205,22096,$230.96
Elijah,Bradford,36-207,"P.O. Box 806, 1079 Eget St.",49275178,86834,$242.60
Owen,Lowe,S0W 3G5,2918 Volutpat. Road,50641084,43152,$632.47
Hillary,Farrell,01287,Ap #787-1209 Risus. Street,12646668,40753,$575.96
Michael,Holder,59819,9763 Sed Rd.,13605784,03513,$170.89
Madeson,Knowles,40847,Ap #714-5734 Risus Rd.,71597081,28567,$275.96
Lee,Spence,73-353,280-4526 Vulputate Av.,25337239,04350,$45.80
Wyatt,Myers,51063-523,8482 Nullam Rd.,37998345,95969,$71.61
Reese,Sims,540186,935-3728 Nonummy Ave,67190415,47331,$463.63
Kyla,Mccray,34301,679-839 Nullam Rd.,28004068,76333,$971.83
Tad,Church,V2B 4S9,"P.O. Box 225, 2909 Elit. Street",70266826,83474,$56.93
Ori,Harding,163262,Ap #294-1757 Ultrices Rd.,64122289,30105,$742.97
Rashad,Oliver,06946,Ap #985-6089 At Rd.,89295056,07453,$419.28
Shoshana,Norton,16629,Ap #572-2134 Tempus Rd.,04885946,03749,$410.86
Gavin,Rodgers,863222,7679 Vehicula Rd.,38850342,97436,$678.79
Halee,Webb,65-195,Ap #185-389 Turpis Rd.,14159419,22247,$218.74
Warren,Oneal,01344,Ap #692-6298 Mollis. Av.,23616844,85424,$254.97
Plato,Charles,4553,"P.O. Box 204, 6853 Orci, Avenue",89611638,42497,$278.07
Len,Cooper,45014,"Ap #656-8504 Nec, Av.",70378752,48041,$792.49
Dahlia,Castaneda,064279,178-123 Vivamus Road,58809504,02306,$739.30
Hasad,Roman,577936,6657 Enim. Avenue,68378497,67231,$657.62
Judah,Giles,62-762,"P.O. Box 588, 6377 Nam Rd.",23095079,90069,$934.61
Lance,Guthrie,5989,Ap #659-2289 Vel Street,86872996,07712,$363.30
Maisie,Kelly,4645,"250 Ullamcorper, Rd.",99548652,11624,$845.40
Delilah,Barrera,70975,2024 Habitant St.,55541111,90051,$515.39
Lee,Mejia,20678,Ap #314-1659 Semper Road,84831545,30208,$414.98
Paki,Vang,169721,575-8290 Ut Ave,85254295,10127,$406.44
Jillian,Mcneil,37486,4021 Elementum Street,08983310,02311,$273.84
Zane,Barron,84897,"P.O. Box 556, 620 Gravida Rd.",61834908,33403,$131.12
Janna,Leach,5922,"P.O. Box 184, 1008 Arcu St.",47219832,14148,$286.56
Angelica,Wade,69-036,187-6102 Laoreet Avenue,75999889,13424,$515.61
Micah,Henry,9924,2319 Adipiscing Street,13197083,68369,$746.41
Elliott,Gibbs,5773,"277-9091 Erat, Rd.",48852957,83321,$760.50
Kiona,Mcdowell,Z8121,Ap #177-366 At St.,82645106,75601,$289.81
Dorian,Fitzpatrick,70477,418-7060 Lobortis Av.,09605072,48289,$891.23
Wanda,Stark,88748,Ap #441-2614 Nulla. Rd.,25560270,79718,$440.79
Shannon,Yang,03927,Ap #399-101 Ultrices St.,30891631,92784,$806.80
Aidan,Gray,3965,"P.O. Box 768, 5471 Egestas. Road",16360369,23867,$385.41
Vance,Holman,14033,193-2369 Augue St.,58613678,28005,$60.77
Hamish,Ryan,2531,"P.O. Box 296, 9930 Tellus, Road",92186247,79988,$914.30
Ezekiel,Yang,4000 NC,2912 Ligula. Street,50245486,67617,$144.82
Xaviera,Blankenship,Z5516,"864-2261 Nec, Rd.",45202745,22835,$542.28
Jackson,Garner,336405,262-1772 Ornare Road,94898207,75508,$396.69
Barbara,Reilly,RF1 0ZW,742-279 Ipsum Avenue,91985799,55584,$29.48
Porter,Wiley,9923 TR,Ap #452-6640 Donec Avenue,95836184,97507,$770.48
Wesley,Valencia,A5G 2A3,"P.O. Box 533, 9643 Enim Av.",62025075,13650,$491.21
Reagan,Forbes,825006,"P.O. Box 224, 8965 Nunc Ave",56786428,30364,$883.55
Blake,Kennedy,46-221,"P.O. Box 703, 7273 Commodo Street",59579017,24065,$798.66
Portia,Weiss,X34 3YC,Ap #638-3606 Morbi St.,09066390,95246,$219.17
Isabella,Ware,00797,"P.O. Box 746, 1523 Netus Rd.",34235869,90584,$199.75
Tiger,Tyler,90136,928-7567 Primis St.,99435701,19162,$770.83
Orla,Bird,70448-669,Ap #355-9521 Pretium St.,38113198,35231,$209.29
Cara,Rocha,432372,788-4933 Vel Street,52828742,79357,$11.43
Hakeem,Carey,R4V 5XN,Ap #545-967 Ipsum. Avenue,81949497,28559,$925.67
Odysseus,Head,550347,299-5690 Tristique Street,48819886,83374,$560.65
Oliver,Buck,76278,Ap #920-700 Ultricies Road,46658127,57043,$969.65
Lee,Butler,472226,8044 Malesuada Road,98115745,11942,$237.77
Leandra,Perkins,67761,643-5718 Ut St.,37212351,79301,$144.16
Beatrice,Willis,N7W 0N2,Ap #597-1921 Ut Rd.,49505913,71449,$897.74
Nevada,Salas,VW9T 2FY,"P.O. Box 922, 8611 Elit, Ave",06187641,69518,$494.90
Lee,Patrick,97719,526-5584 Malesuada St.,06162832,59259,$269.95
Zeph,Hernandez,181596,"P.O. Box 121, 9717 Mauris Avenue",53552055,16643,$465.58
Brenna,Sargent,3088 AC,"P.O. Box 900, 2146 Libero Street",98085005,28774,$59.92
Driscoll,Short,435224,693-3236 Gravida Street,30084014,38824,$885.22
Daryl,Hernandez,31519,Ap #990-9358 Posuere Street,79588196,92945,$91.75
Phyllis,Dale,1587 DH,398-4489 Dolor. Rd.,06646652,72820,$34.25
Lionel,Jenkins,854747,Ap #453-9383 Nascetur St.,10381877,44618,$715.55
Desirae,Stevenson,2514,"P.O. Box 479, 296 Felis Avenue",59491873,20075,$572.33
Rashad,Armstrong,C0S 5J4,1631 Nullam Street,92891572,61862,$576.61
Susan,Huber,07469,"Ap #498-3037 Nec, Av.",23196461,35988,$245.17
Lester,Mccullough,20411,5631 Dui Rd.,15811287,26668,$131.99
Lance,Frazier,999049,5485 Adipiscing Road,48257750,59056,$492.77
Jeanette,Frost,50302,"724-3657 Ornare, Rd.",88320391,12862,$601.55
Murphy,Sutton,655512,"P.O. Box 219, 2155 Facilisis Ave",36658765,67715,$377.23
Sara,Barron,Z6517,Ap #744-5624 Mi. St.,60381957,70496,$329.14
Malachi,Shaffer,853682,Ap #747-3097 Sit Av.,08833470,52291,$172.10
Dolan,Henry,192358,928-9220 Pede St.,36959051,38190,$821.43
Halee,Cross,77193,158-2619 Imperdiet Street,70456760,13142,$228.54
Celeste,Foley,13679,2582 Rutrum Av.,51336703,87362,$777.02
Ciaran,Jennings,04-735,Ap #798-5743 Sodales Road,25372849,11270,$565.90
Howard,Delgado,N2E 4L3,9942 Arcu Avenue,74318894,51663,$905.91
Gannon,Randall,2971,"P.O. Box 779, 8854 Amet, Rd.",01579464,88666,$17.81
Blair,Conley,18640,527-4227 Vestibulum. Rd.,54328542,63050,$531.69
Dante,Blake,182569,"217-6529 Sed, Av.",64867450,75565,$409.16
Roary,Higgins,86703-73150,9425 Eros Ave,02948651,21653,$993.90
Melanie,Downs,N1J 4K5,"P.O. Box 937, 2809 Libero Road",02561385,49410,$942.03
Elvis,Small,878769,"7209 Id, Road",80839938,23079,$390.60
Bruce,Patrick,70338,745 Sit Avenue,11051261,01447,$722.92
Christine,Mcdonald,6893,Ap #799-7128 Tristique Ave,54856771,34359,$664.81
Amela,Good,21219,679-7143 Felis Road,52743149,83872,$451.49
Gregory,Wilson,C5 6MV,"312-2936 Ultrices, Ave",67926846,36138,$493.48
Dawn,Donovan,41012,"190-2703 Mi, Street",74468921,38718,$84.92
Craig,Warner,14337,"658-1875 Ullamcorper, Street",67392994,53839,$986.98
Tate,Puckett,7286,472-6360 Quis Ave,30551782,74996,$97.47
Eugenia,Cummings,25049,5974 Etiam Av.,89230645,49324,$791.49